<?xml version="1.0" encoding="UTF-8"?>
<access>
    <types>
        <item>
            <item_name>cred_rel_form</item_name>
            <item_mode>permissions</item_mode>
            <permissions>
                <publish>
                    <role>author</role>
                    <roles>
                        <role>editor</role>
                        <role>shop_manager</role>
                        <role>author</role>
                    </roles>
                </publish>
                <delete_any>
                    <role>editor</role>
                    <roles>
                        <role>editor</role>
                        <role>shop_manager</role>
                    </roles>
                </delete_any>
                <edit_any>
                    <role>editor</role>
                    <roles>
                        <role>editor</role>
                        <role>shop_manager</role>
                    </roles>
                </edit_any>
                <delete_own>
                    <role>contributor</role>
                    <roles>
                        <role>editor</role>
                        <role>shop_manager</role>
                        <role>author</role>
                        <role>contributor</role>
                    </roles>
                </delete_own>
                <edit_own>
                    <role>contributor</role>
                    <roles>
                        <role>editor</role>
                        <role>shop_manager</role>
                        <role>author</role>
                        <role>contributor</role>
                    </roles>
                </edit_own>
                <read>
                    <role>guest</role>
                    <roles>
                        <role>editor</role>
                        <role>shop_manager</role>
                        <role>author</role>
                        <role>contributor</role>
                        <role>customer</role>
                        <role>subscriber</role>
                        <role>guest</role>
                    </roles>
                </read>
            </permissions>
        </item>
        <item>
            <item_name>event</item_name>
            <item_mode>follow</item_mode>
            <permissions>
                <publish>
                    <role>author</role>
                    <roles>
                        <role>editor</role>
                        <role>shop_manager</role>
                        <role>author</role>
                    </roles>
                </publish>
                <delete_any>
                    <role>editor</role>
                    <roles>
                        <role>editor</role>
                        <role>shop_manager</role>
                    </roles>
                </delete_any>
                <edit_any>
                    <role>editor</role>
                    <roles>
                        <role>editor</role>
                        <role>shop_manager</role>
                    </roles>
                </edit_any>
                <delete_own>
                    <role>contributor</role>
                    <roles>
                        <role>editor</role>
                        <role>shop_manager</role>
                        <role>author</role>
                        <role>contributor</role>
                    </roles>
                </delete_own>
                <edit_own>
                    <role>contributor</role>
                    <roles>
                        <role>editor</role>
                        <role>shop_manager</role>
                        <role>author</role>
                        <role>contributor</role>
                    </roles>
                </edit_own>
                <read>
                    <role>guest</role>
                    <roles>
                        <role>editor</role>
                        <role>shop_manager</role>
                        <role>author</role>
                        <role>contributor</role>
                        <role>customer</role>
                        <role>subscriber</role>
                        <role>guest</role>
                    </roles>
                </read>
            </permissions>
        </item>
        <item>
            <item_name>pub</item_name>
            <item_mode>permissions</item_mode>
            <permissions>
                <publish>
                    <role>author</role>
                    <roles>
                        <role>editor</role>
                        <role>shop_manager</role>
                        <role>author</role>
                    </roles>
                </publish>
                <delete_any>
                    <role>editor</role>
                    <roles>
                        <role>editor</role>
                        <role>shop_manager</role>
                    </roles>
                </delete_any>
                <edit_any>
                    <role>editor</role>
                    <roles>
                        <role>editor</role>
                        <role>shop_manager</role>
                    </roles>
                </edit_any>
                <delete_own>
                    <role>contributor</role>
                    <roles>
                        <role>editor</role>
                        <role>shop_manager</role>
                        <role>author</role>
                        <role>contributor</role>
                    </roles>
                </delete_own>
                <edit_own>
                    <role>contributor</role>
                    <roles>
                        <role>editor</role>
                        <role>shop_manager</role>
                        <role>author</role>
                        <role>contributor</role>
                    </roles>
                </edit_own>
                <read>
                    <role>guest</role>
                    <roles>
                        <role>editor</role>
                        <role>shop_manager</role>
                        <role>author</role>
                        <role>contributor</role>
                        <role>customer</role>
                        <role>subscriber</role>
                        <role>guest</role>
                    </roles>
                </read>
            </permissions>
        </item>
        <item>
            <item_name>post</item_name>
            <item_mode>permissions</item_mode>
            <permissions>
                <publish>
                    <role>author</role>
                    <roles>
                        <role>editor</role>
                        <role>shop_manager</role>
                        <role>author</role>
                    </roles>
                </publish>
                <delete_any>
                    <role>editor</role>
                    <roles>
                        <role>editor</role>
                        <role>shop_manager</role>
                    </roles>
                </delete_any>
                <edit_any>
                    <role>editor</role>
                    <roles>
                        <role>editor</role>
                        <role>shop_manager</role>
                    </roles>
                </edit_any>
                <delete_own>
                    <role>contributor</role>
                    <roles>
                        <role>editor</role>
                        <role>shop_manager</role>
                        <role>author</role>
                        <role>contributor</role>
                    </roles>
                </delete_own>
                <edit_own>
                    <role>contributor</role>
                    <roles>
                        <role>editor</role>
                        <role>shop_manager</role>
                        <role>author</role>
                        <role>contributor</role>
                    </roles>
                </edit_own>
                <read_private>
                    <role>editor</role>
                    <roles>
                        <role>editor</role>
                    </roles>
                </read_private>
                <read>
                    <role>guest</role>
                    <roles>
                        <role>editor</role>
                        <role>shop_manager</role>
                        <role>author</role>
                        <role>contributor</role>
                        <role>customer</role>
                        <role>subscriber</role>
                        <role>guest</role>
                    </roles>
                </read>
            </permissions>
        </item>
        <item>
            <item_name>page</item_name>
            <item_mode>permissions</item_mode>
            <permissions>
                <publish>
                    <role>author</role>
                    <roles>
                        <role>editor</role>
                        <role>shop_manager</role>
                        <role>author</role>
                    </roles>
                </publish>
                <delete_any>
                    <role>editor</role>
                    <roles>
                        <role>editor</role>
                        <role>shop_manager</role>
                    </roles>
                </delete_any>
                <edit_any>
                    <role>editor</role>
                    <roles>
                        <role>editor</role>
                        <role>shop_manager</role>
                    </roles>
                </edit_any>
                <delete_own>
                    <role>contributor</role>
                    <roles>
                        <role>editor</role>
                        <role>shop_manager</role>
                        <role>author</role>
                        <role>contributor</role>
                    </roles>
                </delete_own>
                <edit_own>
                    <role>contributor</role>
                    <roles>
                        <role>editor</role>
                        <role>shop_manager</role>
                        <role>author</role>
                        <role>contributor</role>
                    </roles>
                </edit_own>
                <read>
                    <role>guest</role>
                    <roles>
                        <role>editor</role>
                        <role>shop_manager</role>
                        <role>author</role>
                        <role>contributor</role>
                        <role>customer</role>
                        <role>subscriber</role>
                        <role>guest</role>
                    </roles>
                </read>
            </permissions>
        </item>
        <item>
            <item_name>attachment</item_name>
            <item_mode>follow</item_mode>
            <permissions>
                <publish>
                    <role>author</role>
                    <roles>
                        <role>editor</role>
                        <role>shop_manager</role>
                        <role>author</role>
                    </roles>
                </publish>
                <delete_any>
                    <role>editor</role>
                    <roles>
                        <role>editor</role>
                        <role>shop_manager</role>
                    </roles>
                </delete_any>
                <edit_any>
                    <role>editor</role>
                    <roles>
                        <role>editor</role>
                        <role>shop_manager</role>
                    </roles>
                </edit_any>
                <delete_own>
                    <role>contributor</role>
                    <roles>
                        <role>editor</role>
                        <role>shop_manager</role>
                        <role>author</role>
                        <role>contributor</role>
                    </roles>
                </delete_own>
                <edit_own>
                    <role>contributor</role>
                    <roles>
                        <role>editor</role>
                        <role>shop_manager</role>
                        <role>author</role>
                        <role>contributor</role>
                    </roles>
                </edit_own>
                <read>
                    <role>guest</role>
                    <roles>
                        <role>editor</role>
                        <role>shop_manager</role>
                        <role>author</role>
                        <role>contributor</role>
                        <role>customer</role>
                        <role>subscriber</role>
                        <role>guest</role>
                    </roles>
                </read>
            </permissions>
        </item>
        <item>
            <item_name>product</item_name>
            <item_mode>permissions</item_mode>
            <permissions>
                <publish>
                    <role>author</role>
                    <roles>
                        <role>editor</role>
                        <role>shop_manager</role>
                        <role>author</role>
                    </roles>
                </publish>
                <delete_any>
                    <role>editor</role>
                    <roles>
                        <role>editor</role>
                        <role>shop_manager</role>
                    </roles>
                </delete_any>
                <edit_any>
                    <role>editor</role>
                    <roles>
                        <role>editor</role>
                        <role>shop_manager</role>
                    </roles>
                </edit_any>
                <delete_own>
                    <role>contributor</role>
                    <roles>
                        <role>editor</role>
                        <role>shop_manager</role>
                        <role>author</role>
                        <role>contributor</role>
                    </roles>
                </delete_own>
                <edit_own>
                    <role>contributor</role>
                    <roles>
                        <role>editor</role>
                        <role>shop_manager</role>
                        <role>author</role>
                        <role>contributor</role>
                    </roles>
                </edit_own>
                <read_private>
                    <role>editor</role>
                    <roles>
                        <role>editor</role>
                    </roles>
                </read_private>
                <read>
                    <role>guest</role>
                    <roles>
                        <role>editor</role>
                        <role>shop_manager</role>
                        <role>author</role>
                        <role>contributor</role>
                        <role>customer</role>
                        <role>subscriber</role>
                        <role>guest</role>
                    </roles>
                </read>
            </permissions>
        </item>
        <item>
            <item_name>shop_order</item_name>
            <item_mode>follow</item_mode>
            <permissions>
                <publish>
                    <role>author</role>
                    <roles>
                        <role>editor</role>
                        <role>shop_manager</role>
                        <role>author</role>
                    </roles>
                </publish>
                <delete_any>
                    <role>editor</role>
                    <roles>
                        <role>editor</role>
                        <role>shop_manager</role>
                    </roles>
                </delete_any>
                <edit_any>
                    <role>editor</role>
                    <roles>
                        <role>editor</role>
                        <role>shop_manager</role>
                    </roles>
                </edit_any>
                <delete_own>
                    <role>contributor</role>
                    <roles>
                        <role>editor</role>
                        <role>shop_manager</role>
                        <role>author</role>
                        <role>contributor</role>
                    </roles>
                </delete_own>
                <edit_own>
                    <role>contributor</role>
                    <roles>
                        <role>editor</role>
                        <role>shop_manager</role>
                        <role>author</role>
                        <role>contributor</role>
                    </roles>
                </edit_own>
                <read>
                    <role>guest</role>
                    <roles>
                        <role>editor</role>
                        <role>shop_manager</role>
                        <role>author</role>
                        <role>contributor</role>
                        <role>customer</role>
                        <role>subscriber</role>
                        <role>guest</role>
                    </roles>
                </read>
            </permissions>
        </item>
        <item>
            <item_name>person</item_name>
            <item_mode>follow</item_mode>
            <permissions>
                <publish>
                    <role>author</role>
                    <roles>
                        <role>editor</role>
                        <role>shop_manager</role>
                        <role>author</role>
                    </roles>
                </publish>
                <delete_any>
                    <role>editor</role>
                    <roles>
                        <role>editor</role>
                        <role>shop_manager</role>
                    </roles>
                </delete_any>
                <edit_any>
                    <role>editor</role>
                    <roles>
                        <role>editor</role>
                        <role>shop_manager</role>
                    </roles>
                </edit_any>
                <delete_own>
                    <role>contributor</role>
                    <roles>
                        <role>editor</role>
                        <role>shop_manager</role>
                        <role>author</role>
                        <role>contributor</role>
                    </roles>
                </delete_own>
                <edit_own>
                    <role>contributor</role>
                    <roles>
                        <role>editor</role>
                        <role>shop_manager</role>
                        <role>author</role>
                        <role>contributor</role>
                    </roles>
                </edit_own>
                <read>
                    <role>guest</role>
                    <roles>
                        <role>editor</role>
                        <role>shop_manager</role>
                        <role>author</role>
                        <role>contributor</role>
                        <role>customer</role>
                        <role>subscriber</role>
                        <role>guest</role>
                    </roles>
                </read>
            </permissions>
        </item>
        <item>
            <item_name>network</item_name>
            <item_mode>follow</item_mode>
            <permissions>
                <publish>
                    <role>author</role>
                    <roles>
                        <role>administrator</role>
                        <role>editor</role>
                        <role>shop_manager</role>
                        <role>author</role>
                    </roles>
                </publish>
                <delete_any>
                    <role>editor</role>
                    <roles>
                        <role>administrator</role>
                        <role>editor</role>
                        <role>shop_manager</role>
                    </roles>
                </delete_any>
                <edit_any>
                    <role>editor</role>
                    <roles>
                        <role>administrator</role>
                        <role>editor</role>
                        <role>shop_manager</role>
                    </roles>
                </edit_any>
                <delete_own>
                    <role>contributor</role>
                    <roles>
                        <role>administrator</role>
                        <role>editor</role>
                        <role>shop_manager</role>
                        <role>author</role>
                        <role>contributor</role>
                    </roles>
                </delete_own>
                <edit_own>
                    <role>contributor</role>
                    <roles>
                        <role>administrator</role>
                        <role>editor</role>
                        <role>shop_manager</role>
                        <role>author</role>
                        <role>contributor</role>
                    </roles>
                </edit_own>
                <read_private>
                    <role>administrator</role>
                    <roles>
                        <role>administrator</role>
                    </roles>
                </read_private>
                <read>
                    <role>guest</role>
                    <roles>
                        <role>administrator</role>
                        <role>editor</role>
                        <role>shop_manager</role>
                        <role>author</role>
                        <role>contributor</role>
                        <role>customer</role>
                        <role>subscriber</role>
                        <role>guest</role>
                    </roles>
                </read>
            </permissions>
        </item>
        <item>
            <item_name>project</item_name>
            <item_mode>follow</item_mode>
            <permissions>
                <publish>
                    <role>author</role>
                    <roles>
                        <role>editor</role>
                        <role>shop_manager</role>
                        <role>author</role>
                    </roles>
                </publish>
                <delete_any>
                    <role>editor</role>
                    <roles>
                        <role>editor</role>
                        <role>shop_manager</role>
                    </roles>
                </delete_any>
                <edit_any>
                    <role>editor</role>
                    <roles>
                        <role>editor</role>
                        <role>shop_manager</role>
                    </roles>
                </edit_any>
                <delete_own>
                    <role>contributor</role>
                    <roles>
                        <role>editor</role>
                        <role>shop_manager</role>
                        <role>author</role>
                        <role>contributor</role>
                    </roles>
                </delete_own>
                <edit_own>
                    <role>contributor</role>
                    <roles>
                        <role>editor</role>
                        <role>shop_manager</role>
                        <role>author</role>
                        <role>contributor</role>
                    </roles>
                </edit_own>
                <read>
                    <role>guest</role>
                    <roles>
                        <role>editor</role>
                        <role>shop_manager</role>
                        <role>author</role>
                        <role>contributor</role>
                        <role>customer</role>
                        <role>subscriber</role>
                        <role>guest</role>
                    </roles>
                </read>
            </permissions>
        </item>
        <item>
            <item_name>wpcf-custom-group-4824f57b7d72fe8a7b6e6af719ffab0d</item_name>
            <item_mode>permissions</item_mode>
            <item_title>noch zu editieren / alte Version</item_title>
            <permissions>
                <read>
                    <role>guest</role>
                    <roles>
                        <role>administrator</role>
                        <role>editor</role>
                        <role>shop_manager</role>
                        <role>author</role>
                        <role>contributor</role>
                        <role>customer</role>
                        <role>subscriber</role>
                        <role>guest</role>
                    </roles>
                </read>
            </permissions>
            <group_posts>
                <item>index</item>
            </group_posts>
        </item>
        <item>
            <item_name>publikation</item_name>
            <item_mode>follow</item_mode>
            <permissions>
                <publish>
                    <role>author</role>
                    <roles>
                        <role>editor</role>
                        <role>shop_manager</role>
                        <role>author</role>
                    </roles>
                </publish>
                <delete_any>
                    <role>editor</role>
                    <roles>
                        <role>editor</role>
                        <role>shop_manager</role>
                    </roles>
                </delete_any>
                <edit_any>
                    <role>editor</role>
                    <roles>
                        <role>editor</role>
                        <role>shop_manager</role>
                    </roles>
                </edit_any>
                <delete_own>
                    <role>contributor</role>
                    <roles>
                        <role>editor</role>
                        <role>shop_manager</role>
                        <role>author</role>
                        <role>contributor</role>
                    </roles>
                </delete_own>
                <edit_own>
                    <role>contributor</role>
                    <roles>
                        <role>editor</role>
                        <role>shop_manager</role>
                        <role>author</role>
                        <role>contributor</role>
                    </roles>
                </edit_own>
                <read>
                    <role>guest</role>
                    <roles>
                        <role>editor</role>
                        <role>shop_manager</role>
                        <role>author</role>
                        <role>contributor</role>
                        <role>customer</role>
                        <role>subscriber</role>
                        <role>guest</role>
                    </roles>
                </read>
            </permissions>
        </item>
        <item>
            <item_name>dienstleistung</item_name>
            <item_mode>follow</item_mode>
            <permissions>
                <publish>
                    <role>author</role>
                    <roles>
                        <role>editor</role>
                        <role>shop_manager</role>
                        <role>author</role>
                    </roles>
                </publish>
                <delete_any>
                    <role>editor</role>
                    <roles>
                        <role>editor</role>
                        <role>shop_manager</role>
                    </roles>
                </delete_any>
                <edit_any>
                    <role>editor</role>
                    <roles>
                        <role>editor</role>
                        <role>shop_manager</role>
                    </roles>
                </edit_any>
                <delete_own>
                    <role>contributor</role>
                    <roles>
                        <role>editor</role>
                        <role>shop_manager</role>
                        <role>author</role>
                        <role>contributor</role>
                    </roles>
                </delete_own>
                <edit_own>
                    <role>contributor</role>
                    <roles>
                        <role>editor</role>
                        <role>shop_manager</role>
                        <role>author</role>
                        <role>contributor</role>
                    </roles>
                </edit_own>
                <read>
                    <role>guest</role>
                    <roles>
                        <role>editor</role>
                        <role>shop_manager</role>
                        <role>author</role>
                        <role>contributor</role>
                        <role>customer</role>
                        <role>subscriber</role>
                        <role>guest</role>
                    </roles>
                </read>
            </permissions>
        </item>
        <item>
            <item_name>newsletter</item_name>
            <item_mode>follow</item_mode>
            <permissions>
                <publish>
                    <role>author</role>
                    <roles>
                        <role>editor</role>
                        <role>shop_manager</role>
                        <role>author</role>
                    </roles>
                </publish>
                <delete_any>
                    <role>editor</role>
                    <roles>
                        <role>editor</role>
                        <role>shop_manager</role>
                    </roles>
                </delete_any>
                <edit_any>
                    <role>editor</role>
                    <roles>
                        <role>editor</role>
                        <role>shop_manager</role>
                    </roles>
                </edit_any>
                <delete_own>
                    <role>contributor</role>
                    <roles>
                        <role>editor</role>
                        <role>shop_manager</role>
                        <role>author</role>
                        <role>contributor</role>
                    </roles>
                </delete_own>
                <edit_own>
                    <role>contributor</role>
                    <roles>
                        <role>editor</role>
                        <role>shop_manager</role>
                        <role>author</role>
                        <role>contributor</role>
                    </roles>
                </edit_own>
                <read>
                    <role>guest</role>
                    <roles>
                        <role>editor</role>
                        <role>shop_manager</role>
                        <role>author</role>
                        <role>contributor</role>
                        <role>customer</role>
                        <role>subscriber</role>
                        <role>guest</role>
                    </roles>
                </read>
            </permissions>
        </item>
    </types>
    <taxonomies>
        <item>
            <item_name>section</item_name>
            <item_mode>not_managed</item_mode>
            <permissions>
                <manage_terms>
                    <role>editor</role>
                    <roles>
                        <role>editor</role>
                        <role>shop_manager</role>
                    </roles>
                </manage_terms>
                <edit_terms>
                    <role>editor</role>
                    <roles>
                        <role>editor</role>
                        <role>shop_manager</role>
                    </roles>
                </edit_terms>
                <delete_terms>
                    <role>editor</role>
                    <roles>
                        <role>editor</role>
                        <role>shop_manager</role>
                    </roles>
                </delete_terms>
                <assign_terms>
                    <role>editor</role>
                    <roles>
                        <role>editor</role>
                        <role>shop_manager</role>
                    </roles>
                </assign_terms>
            </permissions>
        </item>
        <item>
            <item_name>category</item_name>
            <item_mode>not_managed</item_mode>
            <permissions>
                <assign_terms>
                    <role>contributor</role>
                    <roles>
                        <role>editor</role>
                        <role>shop_manager</role>
                        <role>author</role>
                        <role>contributor</role>
                    </roles>
                </assign_terms>
                <delete_terms>
                    <role>editor</role>
                    <roles>
                        <role>editor</role>
                        <role>shop_manager</role>
                    </roles>
                </delete_terms>
                <edit_terms>
                    <role>editor</role>
                    <roles>
                        <role>editor</role>
                        <role>shop_manager</role>
                    </roles>
                </edit_terms>
                <manage_terms>
                    <role>editor</role>
                    <roles>
                        <role>editor</role>
                        <role>shop_manager</role>
                    </roles>
                </manage_terms>
            </permissions>
        </item>
        <item>
            <item_name>post_tag</item_name>
            <item_mode>not_managed</item_mode>
            <permissions>
                <assign_terms>
                    <role>contributor</role>
                    <roles>
                        <role>editor</role>
                        <role>shop_manager</role>
                        <role>author</role>
                        <role>contributor</role>
                    </roles>
                </assign_terms>
                <delete_terms>
                    <role>editor</role>
                    <roles>
                        <role>editor</role>
                        <role>shop_manager</role>
                    </roles>
                </delete_terms>
                <edit_terms>
                    <role>editor</role>
                    <roles>
                        <role>editor</role>
                        <role>shop_manager</role>
                    </roles>
                </edit_terms>
                <manage_terms>
                    <role>editor</role>
                    <roles>
                        <role>editor</role>
                        <role>shop_manager</role>
                    </roles>
                </manage_terms>
            </permissions>
        </item>
        <item>
            <item_name>thema</item_name>
            <item_mode>not_managed</item_mode>
            <permissions>
                <manage_terms>
                    <role>editor</role>
                    <roles>
                        <role>editor</role>
                        <role>shop_manager</role>
                    </roles>
                </manage_terms>
                <edit_terms>
                    <role>editor</role>
                    <roles>
                        <role>editor</role>
                        <role>shop_manager</role>
                    </roles>
                </edit_terms>
                <delete_terms>
                    <role>editor</role>
                    <roles>
                        <role>editor</role>
                        <role>shop_manager</role>
                    </roles>
                </delete_terms>
                <assign_terms>
                    <role>editor</role>
                    <roles>
                        <role>editor</role>
                        <role>shop_manager</role>
                    </roles>
                </assign_terms>
            </permissions>
        </item>
        <item>
            <item_name>medientyp</item_name>
            <item_mode>not_managed</item_mode>
            <permissions>
                <manage_terms>
                    <role>editor</role>
                    <roles>
                        <role>editor</role>
                        <role>shop_manager</role>
                    </roles>
                </manage_terms>
                <edit_terms>
                    <role>editor</role>
                    <roles>
                        <role>editor</role>
                        <role>shop_manager</role>
                    </roles>
                </edit_terms>
                <delete_terms>
                    <role>editor</role>
                    <roles>
                        <role>editor</role>
                        <role>shop_manager</role>
                    </roles>
                </delete_terms>
                <assign_terms>
                    <role>editor</role>
                    <roles>
                        <role>editor</role>
                        <role>shop_manager</role>
                    </roles>
                </assign_terms>
            </permissions>
        </item>
        <item>
            <item_name>funktionsbereich</item_name>
            <item_mode>not_managed</item_mode>
            <permissions>
                <manage_terms>
                    <role>editor</role>
                    <roles>
                        <role>editor</role>
                        <role>shop_manager</role>
                    </roles>
                </manage_terms>
                <edit_terms>
                    <role>editor</role>
                    <roles>
                        <role>editor</role>
                        <role>shop_manager</role>
                    </roles>
                </edit_terms>
                <delete_terms>
                    <role>editor</role>
                    <roles>
                        <role>editor</role>
                        <role>shop_manager</role>
                    </roles>
                </delete_terms>
                <assign_terms>
                    <role>editor</role>
                    <roles>
                        <role>editor</role>
                        <role>shop_manager</role>
                    </roles>
                </assign_terms>
            </permissions>
        </item>
        <item>
            <item_name>product_tag</item_name>
            <item_mode>not_managed</item_mode>
            <permissions>
                <manage_terms>
                    <role>editor</role>
                    <roles>
                        <role>editor</role>
                        <role>shop_manager</role>
                    </roles>
                </manage_terms>
                <edit_terms>
                    <role>editor</role>
                    <roles>
                        <role>editor</role>
                        <role>shop_manager</role>
                    </roles>
                </edit_terms>
                <delete_terms>
                    <role>editor</role>
                    <roles>
                        <role>editor</role>
                        <role>shop_manager</role>
                    </roles>
                </delete_terms>
                <assign_terms>
                    <role>editor</role>
                    <roles>
                        <role>editor</role>
                        <role>shop_manager</role>
                    </roles>
                </assign_terms>
            </permissions>
        </item>
        <item>
            <item_name>product_cat</item_name>
            <item_mode>not_managed</item_mode>
            <permissions>
                <manage_terms>
                    <role>editor</role>
                    <roles>
                        <role>editor</role>
                        <role>shop_manager</role>
                    </roles>
                </manage_terms>
                <edit_terms>
                    <role>editor</role>
                    <roles>
                        <role>editor</role>
                        <role>shop_manager</role>
                    </roles>
                </edit_terms>
                <delete_terms>
                    <role>editor</role>
                    <roles>
                        <role>editor</role>
                        <role>shop_manager</role>
                    </roles>
                </delete_terms>
                <assign_terms>
                    <role>editor</role>
                    <roles>
                        <role>editor</role>
                        <role>shop_manager</role>
                    </roles>
                </assign_terms>
            </permissions>
        </item>
    </taxonomies>
    <third_party>
    </third_party>
</access>